{
  "model": "Vanilla_RNN",
  "num_params": 5802248,
  "final_train_loss": 19.451882729163536,
  "final_val_loss": 40.07173047746931,
  "best_val_loss": 32.884481975010466,
  "total_time": 1400.766736984253,
  "train_loss_history": [
    49.55628143212734,
    40.82235302069248,
    38.24992375496106,
    36.629149314684746,
    35.38619735913399,
    34.397464483212204,
    33.50360733423478,
    32.69436042736738,
    31.97219634667421,
    31.252346063271546,
    30.585991382598877,
    29.932501010405712,
    29.309001189011795,
    28.704403889484894,
    28.13113952294374,
    27.561788546733368,
    27.03389079754169,
    26.529560590401672,
    26.17660604379116,
    25.726425843361096,
    25.31716338182107,
    24.97205512951582,
    24.68323655006213,
    24.655252847916042,
    24.010764501033684,
    23.548155601208027,
    23.174114007216232,
    22.903684530502712,
    22.713692224942722,
    22.485503282302464,
    22.17142410767384,
    22.11241218371269,
    22.018015274634728,
    21.76878484090169,
    21.530672317896133,
    21.457564855233215,
    21.261354580903664,
    20.97992676955003,
    20.896651757069122,
    20.72956027740087,
    20.514580274239563,
    20.686151455610226,
    20.57780714524098,
    20.221940321800037,
    20.0490450492272,
    19.894178708394367,
    19.785307419605743,
    19.671014895805946,
    19.557486118414463,
    19.451882729163536
  ],
  "val_loss_history": [
    42.80105645315988,
    39.07827649797712,
    37.52906308855329,
    36.33278547014509,
    35.48605946132115,
    34.86643818446568,
    34.31783267429897,
    34.04833139692034,
    33.5528496333531,
    33.340127672467915,
    33.064572198050364,
    33.02254976545061,
    32.939270564488005,
    32.922459738595144,
    32.884481975010466,
    33.3474497113909,
    33.17459378923689,
    33.42461885724749,
    33.43680463518415,
    33.58039501735142,
    33.737867627825054,
    34.13176155090332,
    34.11712918962751,
    34.395520891462056,
    34.95073372977121,
    35.05358287266323,
    35.059297289167134,
    35.58623940604074,
    35.67606135777065,
    36.08608954293387,
    36.53019496372768,
    36.64210019792829,
    36.705845424107146,
    36.83787536621094,
    36.951171875,
    37.49042238507952,
    37.5368161882673,
    38.098916734967915,
    38.21731294904436,
    38.48438317435129,
    38.5590934753418,
    38.70017187935965,
    38.963779994419646,
    39.207898821149556,
    39.40286799839565,
    39.956177847726,
    39.93749782017299,
    39.909463609967915,
    40.069075448172434,
    40.07173047746931
  ]
}